,WMC_t,WMC_t1,LOC_t,CBO_t,NOM_t,DataClass_count_t,LongMethod_count_t,LongParameterList_count_t,MutableStaticState_count_t,LawOfDemeter_count_t,DataClass_present,LongMethod_present,LongParameterList_present,MutableStaticState_present,LawOfDemeter_log1p
WMC_t,1.0,0.9690157159195794,0.6458124915235106,0.04667421958468397,0.8395681900447315,0.02682162641565703,0.2664432663894862,0.10628892918344764,-0.008116861887551655,0.39586697637897883,0.03167902088501295,0.2674423319037881,0.11242431645807795,-0.010580594336502068,0.3259074603292917
WMC_t1,0.9690157159195794,1.0,0.6484506673576814,0.04918003428066986,0.8418758206359925,0.03259604150713051,0.2592306960005866,0.11996266519346838,-0.008738018381631917,0.4283717557002472,0.03720971172130155,0.2521679196822647,0.1270643132604854,-0.010910176108646117,0.33861315572163797
LOC_t,0.6458124915235106,0.6484506673576814,1.0,0.04141904282084551,0.5645119590227352,0.08419363705218579,0.44478262549873476,0.10186514222722978,0.12303961339617778,0.7328468795569073,0.06677487596553121,0.40980193553766614,0.10910283293675613,0.06570644608560368,0.5939791213657565
CBO_t,0.04667421958468397,0.04918003428066986,0.04141904282084551,1.0,0.03711821462568287,-0.010100883764249355,-0.004724613542475502,-0.007064988320451017,-0.0042678887774990895,0.03330645502212585,-0.010754601651279115,-0.005395676216195774,-0.007197763858167028,-0.004906241479753141,0.05537016594858097
NOM_t,0.8395681900447315,0.8418758206359925,0.5645119590227352,0.03711821462568287,1.0,0.07533700244669159,0.08734537075023423,0.1931723813680527,-0.013293651207543921,0.39515171529439197,0.08327851646288272,0.07345101408523362,0.20052967175447411,-0.02558899602888621,0.309703779244463
DataClass_count_t,0.02682162641565703,0.03259604150713051,0.08419363705218579,-0.010100883764249355,0.07533700244669159,1.0,-0.020766273049502723,0.23655920598516003,0.012189299900337494,-0.0022008390379600227,0.9392150534044172,-0.021118014455866047,0.23542689562409505,0.03326883865858838,-0.13608830246143508
LongMethod_count_t,0.2664432663894862,0.2592306960005866,0.44478262549873476,-0.004724613542475502,0.08734537075023423,-0.020766273049502723,1.0,0.016134388690625744,-0.012058146819338967,0.25745938305825794,-0.021522989444826137,0.8756295509901064,0.017969842420035704,-0.013861696772862258,0.17364578840241812
LongParameterList_count_t,0.10628892918344764,0.11996266519346838,0.10186514222722978,-0.007064988320451017,0.1931723813680527,0.23655920598516003,0.016134388690625744,1.0,-0.018031245450877014,0.1050207377181537,0.24487362299383836,0.012728689363360435,0.9815532239828403,-0.020728198173557442,0.006959016936012892
MutableStaticState_count_t,-0.008116861887551655,-0.008738018381631917,0.12303961339617778,-0.0042678887774990895,-0.013293651207543921,0.012189299900337494,-0.012058146819338967,-0.018031245450877014,1.0,0.032966873113950065,0.01584712287526421,-0.013770831290132202,-0.018370114844829047,0.8698896691309699,0.028053721641984546
LawOfDemeter_count_t,0.39586697637897883,0.4283717557002472,0.7328468795569073,0.03330645502212585,0.39515171529439197,-0.0022008390379600227,0.25745938305825794,0.1050207377181537,0.032966873113950065,1.0,0.005201551513512858,0.27397062909011854,0.1148808896516811,0.01805000710509798,0.6841042027032579
DataClass_present,0.03167902088501295,0.03720971172130155,0.06677487596553121,-0.010754601651279115,0.08327851646288272,0.9392150534044172,-0.021522989444826137,0.24487362299383836,0.01584712287526421,0.005201551513512858,1.0,-0.0216177923202604,0.24192247329945474,0.04017504183334405,-0.13404864930519772
LongMethod_present,0.2674423319037881,0.2521679196822647,0.40980193553766614,-0.005395676216195774,0.07345101408523362,-0.021118014455866047,0.8756295509901064,0.012728689363360435,-0.013770831290132202,0.27397062909011854,-0.0216177923202604,1.0,0.014475918483156826,-0.015830549297003865,0.18181749957304924
LongParameterList_present,0.11242431645807795,0.1270643132604854,0.10910283293675613,-0.007197763858167028,0.20052967175447411,0.23542689562409505,0.017969842420035704,0.9815532239828403,-0.018370114844829047,0.1148808896516811,0.24192247329945474,0.014475918483156826,1.0,-0.021117752626239453,0.01833648696059312
MutableStaticState_present,-0.010580594336502068,-0.010910176108646117,0.06570644608560368,-0.004906241479753141,-0.02558899602888621,0.03326883865858838,-0.013861696772862258,-0.020728198173557442,0.8698896691309699,0.01805000710509798,0.04017504183334405,-0.015830549297003865,-0.021117752626239453,1.0,0.023010225196556447
LawOfDemeter_log1p,0.3259074603292917,0.33861315572163797,0.5939791213657565,0.05537016594858097,0.309703779244463,-0.13608830246143508,0.17364578840241812,0.006959016936012892,0.028053721641984546,0.6841042027032579,-0.13404864930519772,0.18181749957304924,0.01833648696059312,0.023010225196556447,1.0
