n,zero_proportion,positive_proportion,mean,median,sd,p75,p90,p95,maximum,n_unique,variable
2396,0.9353088480801336,0.06469115191986645,0.06928213689482471,0.0,0.2805446278495153,0.0,0.0,1.0,4.0,5,DataClass_count_t
2396,0.9828881469115192,0.017111853088480802,0.022120200333889815,0.0,0.191497373352644,0.0,0.0,0.0,5.0,4,LongMethod_count_t
2396,0.9699499165275459,0.03005008347245409,0.031302170283806344,0.0,0.18121871954247903,0.0,0.0,0.0,2.0,3,LongParameterList_count_t
2396,0.9858096828046744,0.014190317195325543,0.020450751252086813,0.0,0.19599104532891862,0.0,0.0,0.0,4.0,5,MutableStaticState_count_t
2396,0.1431552587646077,0.8568447412353923,9.389816360601001,4.0,20.090919764952353,9.0,21.0,35.25,419.0,94,LawOfDemeter_count_t
2396,0.3167779632721202,0.6832220367278798,5.450333889816361,2.0,10.778450040460008,7.0,14.0,21.0,192.0,61,WMC_t
2396,0.30258764607679467,0.6974123539232053,5.935308848080133,2.0,11.905104480061945,7.0,15.0,24.0,242.0,67,WMC_t1
2396,0.0,1.0,93.63564273789649,55.0,129.47629040516065,108.0,186.0,300.0,1898.0,339,LOC_t
2396,0.998330550918197,0.001669449081803005,0.001669449081803005,0.0,0.04083329418318893,0.0,0.0,0.0,1.0,2,CBO_t
2396,0.3476627712854758,0.6523372287145242,2.9273789649415694,2.0,5.038696352752368,3.0,7.0,11.0,80.0,35,NOM_t
2396,0.1431552587646077,0.8568447412353923,1.6473030301751093,1.6094379124341003,1.1034084327649674,2.302585092994046,3.091042453358316,3.5903686820031386,6.040254711277414,94,LawOfDemeter_log1p
