n,n_classes,aic,bic,loglik,rmse,mae,r2,family,model,specification,comparison_group,repeated_obs,transitions,controls,smell_terms,n_params,oos_rmse_mean,oos_mae_mean,oos_r2_mean
2396,1018,11828.588207478513,11903.748434948573,-5901.294103739257,2.8406672521848386,1.1016640037453802,0.9430418856735654,ols,A_ols_cluster,A_primary_ols,primary,class-clustered SE,5 transition FE,WMC_t+LOC_t+NOM_t,DataClass_present+LongMethod_present+LongParameterList_present+MutableStaticState_present+LawOfDemeter_log1p,13,3.184194608305048,1.129498914646872,0.9044453888490865
2396,1018,11776.8482665909,11880.916273857136,-5870.42413329545,2.804302967267335,1.0949393144880328,0.9444908296061159,ols,B_ols_cluster,B_primary_ols,primary,class-clustered SE,5 transition FE,WMC_t+LOC_t+NOM_t,DataClass_present+LongMethod_present+LongParameterList_present+MutableStaticState_present+LawOfDemeter_log1p+DataClass_x_LongParameterList+DataClass_x_LoDlog+LongMethod_x_LoDlog+LongParameterList_x_LoDlog+MutableStaticState_x_LoDlog,18,3.1797058553359276,1.1380131824411206,0.9042754135432816
2396,1018,11828.977473076175,11898.356144586998,-5902.488736538087,2.84208394684872,1.0931069792915027,0.9429850593219758,ols,A_ols_noloD,A_ols_noloD,sensitivity,class-clustered SE; LoD excluded,5 transition FE,WMC_t+LOC_t+NOM_t,DataClass_present+LongMethod_present+LongParameterList_present+MutableStaticState_present,12,3.1812210104501224,1.1311654188934277,0.9045372399358855
2396,1018,11830.842323993329,11906.002551463389,-5902.4211619966645,2.842003792503485,1.0929178893519773,0.9429882752233223,ols,B_ols_noloD,B_ols_noloD,sensitivity,class-clustered SE; LoD excluded,5 transition FE,WMC_t+LOC_t+NOM_t,DataClass_present+LongMethod_present+LongParameterList_present+MutableStaticState_present+DataClass_x_LongParameterList,13,3.1817106115471296,1.1295671383861574,0.9045407235413497
2396,1018,11826.676600354607,11896.05527186543,-5901.338300177304,2.8407196514052684,1.1013033987894012,0.9430397843445116,ols,A_ols_noMS,A_ols_noMS,sensitivity,class-clustered SE; MutableStaticState excluded,5 transition FE,WMC_t+LOC_t+NOM_t,DataClass_present+LongMethod_present+LongParameterList_present+LawOfDemeter_log1p,12,3.180869199473473,1.1239829897336608,0.9046597198826433
2396,1018,11772.86168227552,11865.366577623285,-5870.43084113776,2.804310818205743,1.0948240622257779,0.944490518798266,ols,B_ols_noMS,B_ols_noMS,sensitivity,class-clustered SE; MutableStaticState excluded,5 transition FE,WMC_t+LOC_t+NOM_t,DataClass_present+LongMethod_present+LongParameterList_present+LawOfDemeter_log1p+DataClass_x_LongParameterList+DataClass_x_LoDlog+LongMethod_x_LoDlog+LongParameterList_x_LoDlog,16,3.1710967842207523,1.128091216109613,0.9048087699346893
2396,1018,8069.34701192791,8150.288795357204,-4020.673505963955,3.559343282027741,1.2721287693878216,0.9105758902983164,nb,A_nb_cluster,A_nb,sensitivity,class-clustered SE; log1p(WMC_t),5 transition FE,log1p(WMC_t)+LOC_t+NOM_t,DataClass_present+LongMethod_present+LongParameterList_present+MutableStaticState_present+LawOfDemeter_log1p,13,3.987244353510725,1.3567567346555556,0.8498803515164997
2396,1018,9943.2144507157,10053.064013941172,-4952.60722535785,2.9621614331116817,1.1562848998696094,0.9380655450402485,nb,B_nb_cluster,B_nb,sensitivity,class-clustered SE; log1p(WMC_t),5 transition FE,log1p(WMC_t)+LOC_t+NOM_t,DataClass_present+LongMethod_present+LongParameterList_present+MutableStaticState_present+LawOfDemeter_log1p+DataClass_x_LongParameterList+DataClass_x_LoDlog+LongMethod_x_LoDlog+LongParameterList_x_LoDlog+MutableStaticState_x_LoDlog,18,3.6270835214507358,1.3595865566760597,0.868416088336021
2396,1018,11832.598989582155,11901.977661092978,-5904.299494791077,2.8067818852003423,1.0637669100734843,0.9443926494181555,ols_mixed,A_ols_mixed,A_mixedlm,,class random intercept; year_index; ML/CG,,WMC_t+LOC_t+NOM_t,DataClass_present+LongMethod_present+LongParameterList_present+MutableStaticState_present+LawOfDemeter_log1p,10,,,
2396,1018,11780.765754902786,11879.052206209788,-5873.382877451393,2.8027953432491453,1.07290516124584,0.9445504982396259,ols_mixed,B_ols_mixed,B_mixedlm,,class random intercept; year_index; ML/CG,,WMC_t+LOC_t+NOM_t,DataClass_present+LongMethod_present+LongParameterList_present+MutableStaticState_present+LawOfDemeter_log1p+DataClass_x_LongParameterList+DataClass_x_LoDlog+LongMethod_x_LoDlog+LongParameterList_x_LoDlog+MutableStaticState_x_LoDlog,15,,,
2396,1018,11828.619107825927,11903.779335295987,-5901.309553912964,2.840685569774152,1.1019294300804188,0.9430411511005813,ols_gee,A_ols_gee,A_gee,,GEE exchangeable by class; transition FE,,WMC_t+LOC_t+NOM_t,DataClass_present+LongMethod_present+LongParameterList_present+MutableStaticState_present+LawOfDemeter_log1p,13,,,
2396,1018,11776.849345095125,11880.91735236136,-5870.424672547562,2.8043035984136075,1.0947810591731373,0.9444908046199355,ols_gee,B_ols_gee,B_gee,,GEE exchangeable by class; transition FE,,WMC_t+LOC_t+NOM_t,DataClass_present+LongMethod_present+LongParameterList_present+MutableStaticState_present+LawOfDemeter_log1p+DataClass_x_LongParameterList+DataClass_x_LoDlog+LongMethod_x_LoDlog+LongParameterList_x_LoDlog+MutableStaticState_x_LoDlog,18,,,
2396,1018,11823.501630672437,11869.754078346321,-5903.750815336219,2.843581392072344,1.0929209792944086,0.9429249631080973,ols,lag_controls_only,no_smells,,class-clustered SE,,WMC_t+LOC_t+NOM_t,,8,,,
