construct,pmd_rule,version,n_status_known,n_count_gt_0,prevalence_among_known_pct,mean_count,median_count,p75,p90,max,wmc_contaminated
DataClass,DataClass,ALL,3953,246,6.2231,0.0680495825954971,0,0,0,4,False
DataClass,DataClass,2016-1,414,15,3.6232,0.036231884057971016,0,0,0,1,False
DataClass,DataClass,2017-1,464,20,4.3103,0.04310344827586207,0,0,0,1,False
DataClass,DataClass,2018-1,436,23,5.2752,0.052752293577981654,0,0,0,1,False
DataClass,DataClass,2019-1,530,33,6.2264,0.0660377358490566,0,0,0,3,False
DataClass,DataClass,2020-1,854,75,8.7822,0.09836065573770492,0,0,0,4,False
DataClass,DataClass,2021-1,1255,80,6.3745,0.07330677290836653,0,0,0,4,False
LongMethod,ExcessiveMethodLength,ALL,3953,85,2.1503,0.02757399443460663,0,0,0,5,False
LongMethod,ExcessiveMethodLength,2016-1,414,6,1.4493,0.028985507246376812,0,0,0,5,False
LongMethod,ExcessiveMethodLength,2017-1,464,6,1.2931,0.02586206896551724,0,0,0,5,False
LongMethod,ExcessiveMethodLength,2018-1,436,6,1.3761,0.016055045871559634,0,0,0,2,False
LongMethod,ExcessiveMethodLength,2019-1,530,11,2.0755,0.024528301886792454,0,0,0,2,False
LongMethod,ExcessiveMethodLength,2020-1,854,21,2.459,0.02810304449648712,0,0,0,2,False
LongMethod,ExcessiveMethodLength,2021-1,1255,35,2.7888,0.03266932270916335,0,0,0,4,False
LongParameterList,ExcessiveParameterList,ALL,3953,117,2.9598,0.03238047052871237,0,0,0,3,False
LongParameterList,ExcessiveParameterList,2016-1,414,6,1.4493,0.014492753623188406,0,0,0,1,False
LongParameterList,ExcessiveParameterList,2017-1,464,9,1.9397,0.01939655172413793,0,0,0,1,False
LongParameterList,ExcessiveParameterList,2018-1,436,14,3.211,0.03211009174311927,0,0,0,1,False
LongParameterList,ExcessiveParameterList,2019-1,530,17,3.2075,0.03207547169811321,0,0,0,1,False
LongParameterList,ExcessiveParameterList,2020-1,854,29,3.3958,0.03747072599531616,0,0,0,2,False
LongParameterList,ExcessiveParameterList,2021-1,1255,42,3.3466,0.0398406374501992,0,0,0,3,False
MutableStaticState,MutableStaticState,ALL,3953,51,1.2902,0.020743738932456363,0,0,0,8,False
MutableStaticState,MutableStaticState,2016-1,414,3,0.7246,0.00966183574879227,0,0,0,2,False
MutableStaticState,MutableStaticState,2017-1,464,6,1.2931,0.015086206896551725,0,0,0,2,False
MutableStaticState,MutableStaticState,2018-1,436,9,2.0642,0.034403669724770644,0,0,0,4,False
MutableStaticState,MutableStaticState,2019-1,530,10,1.8868,0.04339622641509434,0,0,0,8,False
MutableStaticState,MutableStaticState,2020-1,854,10,1.171,0.01639344262295082,0,0,0,3,False
MutableStaticState,MutableStaticState,2021-1,1255,13,1.0359,0.015139442231075698,0,0,0,3,False
LawOfDemeter,LawOfDemeter,ALL,3953,3400,86.0106,10.440172021249683,4,10,23,597,False
LawOfDemeter,LawOfDemeter,2016-1,414,355,85.7488,7.615942028985507,4,8,17,117,False
LawOfDemeter,LawOfDemeter,2017-1,464,394,84.9138,7.752155172413793,4,8,17,127,False
LawOfDemeter,LawOfDemeter,2018-1,436,383,87.844,9.697247706422019,4,10,21.5,206,False
LawOfDemeter,LawOfDemeter,2019-1,530,462,87.1698,10.835849056603774,4,11,22,274,False
LawOfDemeter,LawOfDemeter,2020-1,854,716,83.8407,11.088992974238876,4,10,25,422,False
LawOfDemeter,LawOfDemeter,2021-1,1255,1090,86.8526,12.015139442231076,4,11,26,597,False
GodClass,GodClass,ALL,3953,257,6.5014,0.06678472046546927,0,0,0,5,True
GodClass,GodClass,2016-1,414,24,5.7971,0.057971014492753624,0,0,0,1,True
GodClass,GodClass,2017-1,464,27,5.819,0.05818965517241379,0,0,0,1,True
GodClass,GodClass,2018-1,436,25,5.7339,0.05963302752293578,0,0,0,2,True
GodClass,GodClass,2019-1,530,40,7.5472,0.08490566037735849,0,0,0,5,True
GodClass,GodClass,2020-1,854,59,6.9087,0.06908665105386416,0,0,0,1,True
GodClass,GodClass,2021-1,1255,82,6.5339,0.06613545816733067,0,0,0,2,True
