scope,version_t,version_t1,variable,n,mean,median,sd,min,max,q01,q05,q25,q75,q95,q99,proportion_eq_0,proportion_gt_0,proportion_lt_0
overall,all,all,WMC_t,3495,4.425464949928469,1,9.371893053103737,0,192,0,0,0,5,18,38.059999999999945,,,
overall,all,all,WMC_t1,3495,4.805150214592275,2,10.323534270991878,0,242,0,0,0,5,19,43,,,
overall,all,all,delta_WMC,3495,0.3796852646638054,0,2.6097631439213216,-58,50,-3,0,0,0,2,10,83.1187,13.2189,3.6624
transition,2016-1,2017-1,WMC_t,597,5.4874371859296485,2,11.953430033337856,0,117,0,0,0,6,21.399999999999864,59.35999999999967,,,
transition,2016-1,2017-1,WMC_t1,597,5.613065326633166,2,12.10909706358776,0,123,0,0,0,6,24,59.35999999999967,,,
transition,2016-1,2017-1,delta_WMC,597,0.12562814070351758,0,0.7503666770847806,-5,7,-1,0,0,0,1,4,92.4623,6.3652,1.1725
transition,2017-1,2018-1,WMC_t,489,4.224948875255624,2,8.801692230144393,0,123,0,0,0,5,16,34,,,
transition,2017-1,2018-1,WMC_t1,489,4.507157464212679,1,10.141238743659077,0,154,0,0,0,5,19,36,,,
transition,2017-1,2018-1,delta_WMC,489,0.2822085889570552,0,2.862653537554557,-24,31,-4.12,-1,0,0,2,7.1200000000000045,83.2311,11.2474,5.5215
transition,2018-1,2019-1,WMC_t,598,4.464882943143813,2,9.510882644620429,0,154,0,0,0,5,18.149999999999977,35.02999999999997,,,
transition,2018-1,2019-1,WMC_t1,598,4.973244147157191,2,10.04208663728533,0,153,0,0,0,6,21,40.08999999999992,,,
transition,2018-1,2019-1,delta_WMC,598,0.5083612040133779,0,2.653482334429394,-13,25,-4,-1,0,0,3,14.059999999999945,80.4348,14.3813,5.1839
transition,2019-1,2020-1,WMC_t,643,3.9035769828926905,1,6.739249171614134,0,59,0,0,0,5,17,32.16000000000008,,,
transition,2019-1,2020-1,WMC_t1,643,4.135303265940902,1,6.948769878794898,0,52,0,0,0,5,17,36.58000000000004,,,
transition,2019-1,2020-1,delta_WMC,643,0.2317262830482115,0,2.8019999488087657,-58,12,-3,0,0,0,2,8.580000000000041,80.8709,15.0855,4.0435
transition,2020-1,2021-1,WMC_t,1168,4.233732876712328,1,9.249895940712888,0,192,0,0,0,5,16,41,,,
transition,2020-1,2021-1,WMC_t1,1168,4.799657534246576,2,11.063930443849312,0,242,0,0,0,5,17.649999999999864,50.29999999999927,,,
transition,2020-1,2021-1,delta_WMC,1168,0.5659246575342466,0,2.9434725543349773,-13,50,-2,0,0,0,3,14,80.9075,15.9247,3.1678
