model,specification,family,term,coef,se,p_value,ci_low,ci_high
A_ols_cluster,A_primary_ols,ols,const,-0.7203048244693218,0.14052915835652202,2.9649569459271177e-07,-0.9957369136258309,-0.44487273531281263
A_ols_cluster,A_primary_ols,ols,WMC_t,0.963668857689518,0.03615888556539028,1.74461701294253e-156,0.8927987442602479,1.0345389711187882
A_ols_cluster,A_primary_ols,ols,LOC_t,0.002622110322984789,0.001591001622045861,0.09933466061399623,-0.0004961955555699061,0.005740416201539485
A_ols_cluster,A_primary_ols,ols,NOM_t,0.21143198710164693,0.07120778612063304,0.0029855124453167046,0.07186729088637503,0.3509966833169188
A_ols_cluster,A_primary_ols,ols,DataClass_present,-0.09252026641731687,0.31339755552307524,0.7678281643973709,-0.7067681880854362,0.5217276552508026
A_ols_cluster,A_primary_ols,ols,LongMethod_present,-0.18163715929627822,1.2036087550184071,0.8800463435869147,-2.540666970609449,2.1773926520168927
A_ols_cluster,A_primary_ols,ols,LongParameterList_present,0.5224372268760792,0.5537148222376688,0.34541848242571205,-0.5628238824157498,1.6076983361679082
A_ols_cluster,A_primary_ols,ols,MutableStaticState_present,-0.14717376681793065,0.27699573609910283,0.5951960670395942,-0.6900754334433334,0.3957278998074722
A_ols_cluster,A_primary_ols,ols,LawOfDemeter_log1p,0.10483477181375639,0.12521126689911158,0.40244470333707627,-0.14057480176713452,0.3502443453946473
A_ols_cluster,A_primary_ols,ols,tr_2017-1->2018-1,0.16402584352080732,0.16500674729038933,0.3201959107243395,-0.15938143837445792,0.48743312541607253
A_ols_cluster,A_primary_ols,ols,tr_2018-1->2019-1,0.4821413208670575,0.16230985044004856,0.0029731594142054945,0.1640198596684797,0.8002627820656354
A_ols_cluster,A_primary_ols,ols,tr_2019-1->2020-1,0.17424598853069714,0.17018224128491374,0.30589252601372097,-0.1593050751960393,0.5077970522574335
A_ols_cluster,A_primary_ols,ols,tr_2020-1->2021-1,0.6840473871088026,0.1372725983929583,6.256345300330241e-07,0.4149980381943735,0.9530967360232319
B_ols_cluster,B_primary_ols,ols,const,-0.5641067449466234,0.1184827817672187,1.925537134639468e-06,-0.796328729998491,-0.33188475989475574
B_ols_cluster,B_primary_ols,ols,WMC_t,0.9812264299970537,0.033092478914845,3.288399917163327e-193,0.9163663631648064,1.046086496829301
B_ols_cluster,B_primary_ols,ols,LOC_t,0.0016282310265283415,0.0015099325490202109,0.2808789911767441,-0.0013311823886360315,0.004587644441692715
B_ols_cluster,B_primary_ols,ols,NOM_t,0.18442503732190862,0.060535034639152975,0.002314581867796926,0.06577854962628417,0.3030715250175331
B_ols_cluster,B_primary_ols,ols,DataClass_present,-0.08652501181471284,0.25318173379933157,0.732538581876169,-0.58275209160481,0.40970206797538433
B_ols_cluster,B_primary_ols,ols,LongMethod_present,-7.881412914967743,4.7837906597580435,0.09945025887342457,-17.257470317672613,1.4946444877371263
B_ols_cluster,B_primary_ols,ols,LongParameterList_present,-1.2242712465346544,0.6782955898251126,0.07108674695543572,-2.553706173464228,0.10516368039491941
B_ols_cluster,B_primary_ols,ols,MutableStaticState_present,-0.0659349879401977,0.3615588564910631,0.8552977950709798,-0.7745773249541673,0.6427073490737719
B_ols_cluster,B_primary_ols,ols,LawOfDemeter_log1p,0.06018179523082895,0.11423709830645495,0.5983221973304652,-0.16371880314818435,0.2840823936098422
B_ols_cluster,B_primary_ols,ols,DataClass_x_LongParameterList,0.8784712138491345,0.7616356335963876,0.24874587840054463,-0.61430719734213,2.371249625040399
B_ols_cluster,B_primary_ols,ols,DataClass_x_LoDlog,-0.06941980785273061,0.34746871150697206,0.8416469969169207,-0.7504459681609341,0.6116063524554729
B_ols_cluster,B_primary_ols,ols,LongMethod_x_LoDlog,2.441179888341995,1.4312370988432195,0.08807452274633873,-0.36399327872830867,5.246353055412299
B_ols_cluster,B_primary_ols,ols,LongParameterList_x_LoDlog,0.7757185618713166,0.5580005148935784,0.16447563635869678,-0.31794235067490295,1.8693794744175363
B_ols_cluster,B_primary_ols,ols,MutableStaticState_x_LoDlog,0.005195096695959134,0.2681819225906942,0.984544714367995,-0.5204318128865102,0.5308220062784283
B_ols_cluster,B_primary_ols,ols,tr_2017-1->2018-1,0.16725145942580838,0.16315813150477587,0.3053216187993286,-0.15253260210840225,0.487035520960019
B_ols_cluster,B_primary_ols,ols,tr_2018-1->2019-1,0.4869379791260976,0.16234856088940114,0.0027056821769793618,0.16874064684096335,0.8051353114112318
B_ols_cluster,B_primary_ols,ols,tr_2019-1->2020-1,0.1935877276370052,0.16804091179715455,0.24930983144656904,-0.1357664074146896,0.5229418626887
B_ols_cluster,B_primary_ols,ols,tr_2020-1->2021-1,0.6600601753275559,0.12782803860043693,2.421709855558925e-07,0.4095218234563037,0.9105985271988081
A_ols_noloD,A_ols_noloD,ols,const,-0.5989248326317492,0.1914575107258491,0.0017585717972110775,-0.9741746582241045,-0.2236750070393939
A_ols_noloD,A_ols_noloD,ols,WMC_t,0.9619692406138051,0.03785756815994749,1.9442703772106627e-142,0.8877697704780377,1.0361687107495725
A_ols_noloD,A_ols_noloD,ols,LOC_t,0.0032474439977020026,0.001115036816282322,0.003586519246794957,0.0010620119963524466,0.005432875999051559
A_ols_noloD,A_ols_noloD,ols,NOM_t,0.21306511591179206,0.07275990741257818,0.003407866850131257,0.07045831786466991,0.3556719139589142
A_ols_noloD,A_ols_noloD,ols,DataClass_present,-0.17720554407652933,0.2662413661209534,0.5056781151464382,-0.6990290328683405,0.34461794471528184
A_ols_noloD,A_ols_noloD,ols,LongMethod_present,-0.24589845571528723,1.244319087442329,0.8433448269677131,-2.6847190523779987,2.192922140947424
A_ols_noloD,A_ols_noloD,ols,LongParameterList_present,0.5146735672447265,0.5613843277887212,0.35925079912691127,-0.5856194967063952,1.6149666311958482
A_ols_noloD,A_ols_noloD,ols,MutableStaticState_present,-0.16429935076104862,0.2898646461399829,0.5708405315527862,-0.7324236175868624,0.4038249160647651
A_ols_noloD,A_ols_noloD,ols,tr_2017-1->2018-1,0.16531517117390357,0.16444319591040754,0.31475116712360285,-0.1569875703131595,0.48761791266096666
A_ols_noloD,A_ols_noloD,ols,tr_2018-1->2019-1,0.48740139611322514,0.16231960870918205,0.0026757274893391093,0.16926080905859425,0.8055419831678561
A_ols_noloD,A_ols_noloD,ols,tr_2019-1->2020-1,0.18685594920433415,0.16170440049386822,0.24786924514076325,-0.13007885190528848,0.5037907503139568
A_ols_noloD,A_ols_noloD,ols,tr_2020-1->2021-1,0.686595827585275,0.13585659116838825,4.3304190401093836e-07,0.42032180183285167,0.9528698533376985
B_ols_noloD,B_ols_noloD,ols,const,-0.5981009460152225,0.19355264373631284,0.0020007546617491915,-0.9774571568509077,-0.2187447351795372
B_ols_noloD,B_ols_noloD,ols,WMC_t,0.9617983723253013,0.038085095505566886,1.0253803396660956e-140,0.8871529567866219,1.0364437878639807
B_ols_noloD,B_ols_noloD,ols,LOC_t,0.003233501440694033,0.001133211435909387,0.004325462784504174,0.0010124478394427146,0.0054545550419453515
B_ols_noloD,B_ols_noloD,ols,NOM_t,0.2140971165787811,0.07316217975211994,0.003429803447582332,0.07070187923418045,0.35749235392338174
B_ols_noloD,B_ols_noloD,ols,DataClass_present,-0.21215028764196486,0.24749921261288366,0.39134784166643155,-0.6972398305652383,0.2729392552813086
B_ols_noloD,B_ols_noloD,ols,LongMethod_present,-0.23544811244032626,1.2403990666990339,0.8494529871111834,-2.666585609627529,2.1956893847468764
B_ols_noloD,B_ols_noloD,ols,LongParameterList_present,0.41360798810255894,0.8364499090904771,0.620967027499854,-1.2258037085865785,2.053019684791696
B_ols_noloD,B_ols_noloD,ols,MutableStaticState_present,-0.1589573770810616,0.2907216344783213,0.5845379164897782,-0.7287613101851893,0.4108465560230661
B_ols_noloD,B_ols_noloD,ols,DataClass_x_LongParameterList,0.2717794166372761,1.0199439192534177,0.7898810657627515,-1.7272739313500516,2.2708327646246036
B_ols_noloD,B_ols_noloD,ols,tr_2017-1->2018-1,0.16582897096896523,0.16422404403659982,0.3126041598182112,-0.15604424073829024,0.4877021826762207
B_ols_noloD,B_ols_noloD,ols,tr_2018-1->2019-1,0.4868937075402164,0.16251777038584916,0.002735990558989176,0.16836473073620184,0.8054226843442309
B_ols_noloD,B_ols_noloD,ols,tr_2019-1->2020-1,0.18706445205892655,0.16159406761502834,0.24701932698839046,-0.1296541005818593,0.5037830046997124
B_ols_noloD,B_ols_noloD,ols,tr_2020-1->2021-1,0.6869683403450817,0.13571413672611118,4.1514766661252495e-07,0.4209735201689591,0.9529631605212043
A_ols_noMS,A_ols_noMS,ols,const,-0.7213423920557833,0.1406309233347673,2.907754643379157e-07,-0.9969739369045407,-0.445710847207026
A_ols_noMS,A_ols_noMS,ols,WMC_t,0.9636790741631331,0.03613464582292765,1.0743244998144342e-156,0.8928564697560842,1.034501678570182
A_ols_noMS,A_ols_noMS,ols,LOC_t,0.002598851344979437,0.001591754095716155,0.10253284338726416,-0.0005209293548683485,0.005718632044827223
A_ols_noMS,A_ols_noMS,ols,NOM_t,0.21178139252938077,0.07097840094176622,0.00284744708938563,0.07266628300327513,0.3508965020554864
A_ols_noMS,A_ols_noMS,ols,DataClass_present,-0.09526496952336633,0.3132969356432627,0.7610726887618471,-0.7093156798509244,0.5187857408041918
A_ols_noMS,A_ols_noMS,ols,LongMethod_present,-0.172155389123839,1.206477648042381,0.8865329896127498,-2.536808127439497,2.192497349191819
A_ols_noMS,A_ols_noMS,ols,LongParameterList_present,0.5252300470866338,0.5540248016572534,0.34311609831006007,-0.5606386107035297,1.6110987048767973
A_ols_noMS,A_ols_noMS,ols,LawOfDemeter_log1p,0.10528586329834995,0.12515422362451004,0.4002084648159391,-0.1400119075187617,0.3505836341154616
A_ols_noMS,A_ols_noMS,ols,tr_2017-1->2018-1,0.1627717597649724,0.164520892425957,0.3224829661168681,-0.15968326409429187,0.48522678362423666
A_ols_noMS,A_ols_noMS,ols,tr_2018-1->2019-1,0.480712391013966,0.16180132140525205,0.002968278076629292,0.16358762840868224,0.7978371536192498
A_ols_noMS,A_ols_noMS,ols,tr_2019-1->2020-1,0.17331777001124773,0.1695644673756699,0.3067170289140603,-0.15902247910278225,0.5056580191252777
A_ols_noMS,A_ols_noMS,ols,tr_2020-1->2021-1,0.6835627695327251,0.13722388416885914,6.313609679196867e-07,0.4146088987430651,0.952516640322385
B_ols_noMS,B_ols_noMS,ols,const,-0.564747709130994,0.11717968955454543,1.4391725072175772e-06,-0.7944156803774874,-0.33507973788450063
B_ols_noMS,B_ols_noMS,ols,WMC_t,0.9812319463124424,0.03312328680732057,7.416723243320792e-193,0.9163114971205033,1.0461523955043814
B_ols_noMS,B_ols_noMS,ols,LOC_t,0.0016213403370715167,0.0014582470875717521,0.26620609624136793,-0.0012367714351295437,0.004479452109272577
B_ols_noMS,B_ols_noMS,ols,NOM_t,0.18453147617989946,0.06018078096451432,0.0021673601308368484,0.06657931292795774,0.3024836394318412
B_ols_noMS,B_ols_noMS,ols,DataClass_present,-0.08599493790830548,0.25305025893797123,0.733981969727259,-0.5819643317052641,0.40997445588865306
B_ols_noMS,B_ols_noMS,ols,LongMethod_present,-7.879743324129951,4.783617615772556,0.09950971110592088,-17.255461566855523,1.4959749185956213
B_ols_noMS,B_ols_noMS,ols,LongParameterList_present,-1.2252462302375977,0.6736506006713728,0.06893956558686706,-2.5455771457172625,0.09508468524206704
B_ols_noMS,B_ols_noMS,ols,LawOfDemeter_log1p,0.06047822453365255,0.11425350459220639,0.5965740168893852,-0.16345452957455364,0.28441097864185877
B_ols_noMS,B_ols_noMS,ols,DataClass_x_LongParameterList,0.8815668359402015,0.7528934456968642,0.24163689255994591,-0.5940772018219153,2.3572108737023183
B_ols_noMS,B_ols_noMS,ols,DataClass_x_LoDlog,-0.07102506317529433,0.3437600710244918,0.8363126438621796,-0.7447824217062292,0.6027322953556405
B_ols_noMS,B_ols_noMS,ols,LongMethod_x_LoDlog,2.4415258409524894,1.4273959128084435,0.08717796678270243,-0.3561187398317349,5.239170421736714
B_ols_noMS,B_ols_noMS,ols,LongParameterList_x_LoDlog,0.776346547126014,0.5563789183842875,0.16290857499691846,-0.31413609466453973,1.8668291889165678
B_ols_noMS,B_ols_noMS,ols,tr_2017-1->2018-1,0.1667335713541637,0.16299252351561994,0.30633041536976247,-0.15272590448574921,0.48619304719407663
B_ols_noMS,B_ols_noMS,ols,tr_2018-1->2019-1,0.4863897618963425,0.16144176587023207,0.0025885996308965087,0.16996971519013993,0.802809808602545
B_ols_noMS,B_ols_noMS,ols,tr_2019-1->2020-1,0.19320054147147578,0.16735889393879178,0.24833270319074763,-0.13481686314101485,0.5212179460839664
B_ols_noMS,B_ols_noMS,ols,tr_2020-1->2021-1,0.6597231721357284,0.12794769188333674,2.520192576999052e-07,0.40895030413936057,0.9104960401320963
A_nb_cluster,A_nb,nb,const,-0.8051034635935416,0.051171831166693625,8.937963166576673e-56,-0.9053984097032253,-0.7048085174838579
A_nb_cluster,A_nb,nb,WMC_t_log1p,1.2660722372357212,0.023318631717857377,0.0,1.2203685588999673,1.311775915571475
A_nb_cluster,A_nb,nb,LOC_t,-0.000241911824676976,0.00014348780751471382,0.09180736931293686,-0.0005231427596264309,3.931911027247882e-05
A_nb_cluster,A_nb,nb,NOM_t,-0.006155346890216703,0.00246365019253287,0.012473201445169975,-0.010984012538086299,-0.0013266812423471082
A_nb_cluster,A_nb,nb,DataClass_present,0.08121012477409868,0.054558438938433554,0.13661962112700257,-0.025722450597958788,0.18814270014615614
A_nb_cluster,A_nb,nb,LongMethod_present,-0.16005559409604359,0.12421455677983397,0.1975575805787806,-0.4035116517401237,0.08340046354803657
A_nb_cluster,A_nb,nb,LongParameterList_present,0.10079618062650339,0.04580564601520232,0.02777011466886848,0.011018764148116214,0.19057359710489058
A_nb_cluster,A_nb,nb,MutableStaticState_present,-0.054357138938173635,0.05596135662397278,0.33138224482932976,-0.16403938244716226,0.055325104570815006
A_nb_cluster,A_nb,nb,LawOfDemeter_log1p,0.0400466643612106,0.016013187825114114,0.01238938157677259,0.008661392946311658,0.07143193577610954
A_nb_cluster,A_nb,nb,tr_2017-1->2018-1,0.02813818679139901,0.03025731103011912,0.3523901212706271,-0.03116505309666099,0.087441426679459
A_nb_cluster,A_nb,nb,tr_2018-1->2019-1,0.11363786685598538,0.03457301902843976,0.001012987685614356,0.045875994723425476,0.18139973898854528
A_nb_cluster,A_nb,nb,tr_2019-1->2020-1,0.03063024703990177,0.026184628945032592,0.24208964036632719,-0.020690682640907142,0.08195117672071067
A_nb_cluster,A_nb,nb,tr_2020-1->2021-1,0.11346544287472246,0.02242113687299175,4.178377515170932e-07,0.06952082211121563,0.1574100636382293
A_nb_cluster,A_nb,nb,alpha,0.026476950679417688,0.011908124692229106,0.02618642834146599,0.003137455159236524,0.04981644619959885
B_nb_cluster,B_nb,nb,const,-0.7440537707134103,0.060073084969260615,3.119225338455974e-35,-0.8617948536933755,-0.6263126877334451
B_nb_cluster,B_nb,nb,WMC_t_log1p,1.2420515852111194,0.03346618611314235,1.6937033768232897e-301,1.1764590657294458,1.307644104692793
B_nb_cluster,B_nb,nb,LOC_t,-0.0001824883859823193,0.00016678806669912194,0.2738964980786839,-0.0005093869897636626,0.00014441021779902402
B_nb_cluster,B_nb,nb,NOM_t,-0.006929799335118123,0.003117133441931034,0.02620689541578291,-0.013039268616308325,-0.0008203300539279205
B_nb_cluster,B_nb,nb,DataClass_present,0.1112829267139597,0.07176788768718724,0.12099877479160438,-0.029379548399442873,0.25194540182736225
B_nb_cluster,B_nb,nb,LongMethod_present,-0.6866737178502728,0.3213800714432054,0.032627232411042914,-1.3165670832278649,-0.05678035247268065
B_nb_cluster,B_nb,nb,LongParameterList_present,0.04190868147661299,0.06913936438996152,0.5444165366841753,-0.0936019826417027,0.17741934559492867
B_nb_cluster,B_nb,nb,MutableStaticState_present,-0.200384515182316,0.22888065842130156,0.3813031013421404,-0.6489823624458813,0.24821333208124927
B_nb_cluster,B_nb,nb,LawOfDemeter_log1p,0.03864517775478821,0.020854690223300252,0.06387248455654947,-0.0022292639916198648,0.07951961950119628
B_nb_cluster,B_nb,nb,DataClass_x_LongParameterList,0.12052441573051965,0.14257134834612367,0.39790869336905477,-0.15891029225519698,0.39995912371623626
B_nb_cluster,B_nb,nb,DataClass_x_LoDlog,-0.03471367361726263,0.0383093728994426,0.3648615008485948,-0.1097986647704849,0.04037131753595964
B_nb_cluster,B_nb,nb,LongMethod_x_LoDlog,0.16129336128062538,0.06662772847725436,0.015485783661050799,0.03070541309349309,0.2918813094677577
B_nb_cluster,B_nb,nb,LongParameterList_x_LoDlog,0.002576893050518776,0.030144057890236064,0.9318750747492212,-0.056504374762234355,0.0616581608632719
B_nb_cluster,B_nb,nb,MutableStaticState_x_LoDlog,0.052469977037877306,0.06586849953473614,0.4256910481089051,-0.07662990976589884,0.18156986384165347
B_nb_cluster,B_nb,nb,tr_2017-1->2018-1,0.033893064829566694,0.02856251976728093,0.23537467483679497,-0.0220884452220173,0.08987457488115069
B_nb_cluster,B_nb,nb,tr_2018-1->2019-1,0.08860484978281,0.04978025861812166,0.07508914658788139,-0.008962664249798094,0.18617236381541807
B_nb_cluster,B_nb,nb,tr_2019-1->2020-1,0.014038838415802793,0.031108691622326122,0.6517852543247415,-0.04693307677011931,0.0750107536017249
B_nb_cluster,B_nb,nb,tr_2020-1->2021-1,0.09828737592341312,0.027180094316520107,0.00029901384043517544,0.04501536996663189,0.15155938188019435
B_nb_cluster,B_nb,nb,alpha,1.0512710963760241,0.089217289090962,4.761149729188006e-32,0.8764084229594403,1.2261337697926078
A_ols_mixed,A_mixedlm,ols_mixed,const,-0.7053780951137486,0.14415307619682208,9.91805934308843e-07,-0.9879129327201781,-0.42284325750731916
A_ols_mixed,A_mixedlm,ols_mixed,WMC_t,0.9630844844641068,0.011370853596390581,0.0,0.9407980209417035,0.98537094798651
A_ols_mixed,A_mixedlm,ols_mixed,LOC_t,0.0027285911121721997,0.0007665072684113467,0.00037117691052802215,0.001226264472197784,0.004230917752146616
A_ols_mixed,A_mixedlm,ols_mixed,NOM_t,0.21321607450660598,0.023323978578627048,6.159385071541561e-20,0.16750191651631324,0.2589302324968987
A_ols_mixed,A_mixedlm,ols_mixed,DataClass_present,-0.08921021184993193,0.2544962794630893,0.7259361710243925,-0.5880137537970275,0.40959333009716364
A_ols_mixed,A_mixedlm,ols_mixed,LongMethod_present,-0.1732636423137162,0.5281539118646774,0.7428699190145309,-1.208426287862426,0.8618990032349936
A_ols_mixed,A_mixedlm,ols_mixed,LongParameterList_present,0.5180901459060524,0.36482161341543773,0.1555730069374887,-0.19694707717000015,1.233127368982105
A_ols_mixed,A_mixedlm,ols_mixed,MutableStaticState_present,-0.1547349711262593,0.5031551671172323,0.7584405022860281,-1.1409009773112666,0.831431035058748
A_ols_mixed,A_mixedlm,ols_mixed,LawOfDemeter_log1p,0.09372214728915872,0.06903606816435096,0.17459624829758436,-0.04158605994722135,0.22903035452553877
A_ols_mixed,A_mixedlm,ols_mixed,year_index,0.14921084228936934,0.03958034166880712,0.00016336402561147216,0.0716347981227174,0.2267868864560213
A_ols_mixed,A_mixedlm,ols_mixed,Group Var,0.013672816838261638,0.018468354672091476,0.45909518906850866,-0.022524493172749696,0.04987012684927297
B_ols_mixed,B_mixedlm,ols_mixed,const,-0.5387293895458488,0.14490521591656622,0.00020096099937438468,-0.8227383939143188,-0.2547203851773788
B_ols_mixed,B_mixedlm,ols_mixed,WMC_t,0.9809903374574687,0.011478284785982173,0.0,0.9584933126726496,1.0034873622422877
B_ols_mixed,B_mixedlm,ols_mixed,LOC_t,0.001668584525567309,0.0007746123809242945,0.031233140732291286,0.00015037215697687048,0.0031867968941577474
B_ols_mixed,B_mixedlm,ols_mixed,NOM_t,0.18543610127143081,0.023360494884078105,2.0543239982067522e-15,0.13965037263760555,0.23122182990525608
B_ols_mixed,B_mixedlm,ols_mixed,DataClass_present,-0.08143827902497512,0.32527193361571866,0.8023013582049966,-0.718959554093487,0.5560829960435367
B_ols_mixed,B_mixedlm,ols_mixed,LongMethod_present,-7.931272417357716,1.3062995337625845,1.2667577721315275e-09,-10.491572456553847,-5.370972378161587
B_ols_mixed,B_mixedlm,ols_mixed,LongParameterList_present,-1.2484373771431394,0.6122096846011257,0.041426911593076245,-2.448346309947971,-0.048528444338307386
B_ols_mixed,B_mixedlm,ols_mixed,MutableStaticState_present,-0.05716922171773087,0.8973119536754577,0.949199831267687,-1.8158683338189012,1.7015298903834395
B_ols_mixed,B_mixedlm,ols_mixed,LawOfDemeter_log1p,0.054467413687718465,0.06968818386869094,0.4344570330298624,-0.08211891684292094,0.19105374421835786
B_ols_mixed,B_mixedlm,ols_mixed,DataClass_x_LongParameterList,0.8945197247814715,0.746807422897825,0.230998123338938,-0.5691959274854387,2.3582353770483815
B_ols_mixed,B_mixedlm,ols_mixed,DataClass_x_LoDlog,-0.07371392266403266,0.17857803174300127,0.6797658252294154,-0.4237204333103657,0.2762925879823004
B_ols_mixed,B_mixedlm,ols_mixed,LongMethod_x_LoDlog,2.45614178248224,0.38149165632858906,1.208522972675855e-10,1.7084318756756738,3.2038516892888063
B_ols_mixed,B_mixedlm,ols_mixed,LongParameterList_x_LoDlog,0.7801497944040894,0.2246155918807707,0.0005141646771646678,0.33991132395163143,1.2203882648565474
B_ols_mixed,B_mixedlm,ols_mixed,MutableStaticState_x_LoDlog,0.003264926557607257,0.4124456622007305,0.9936839988275207,-0.8051137169355976,0.8116435700508121
B_ols_mixed,B_mixedlm,ols_mixed,year_index,0.14357473646390098,0.0392391165517267,0.00025323132687305366,0.06666748123734714,0.22048199169045482
B_ols_mixed,B_mixedlm,ols_mixed,Group Var,0.0017798863816557734,0.017471332362380288,0.9188561483537023,-0.032463295810538695,0.036023068573850237
A_ols_gee,A_gee,ols_gee,const,-0.7218327547174189,0.14072785176039448,2.908502715699507e-07,-0.9976542757894837,-0.4460112336453541
A_ols_gee,A_gee,ols_gee,WMC_t,0.9633250736423966,0.035476570089727,2.2810514481296054e-162,0.8937922739715207,1.0328578733132725
A_ols_gee,A_gee,ols_gee,LOC_t,0.002705672003049749,0.0016024190628279931,0.09131679526198568,-0.00043501164823354357,0.005846355654333042
A_ols_gee,A_gee,ols_gee,NOM_t,0.21207644385248464,0.0701634406733294,0.0025060821288000116,0.07455862710134625,0.34959426060362303
A_ols_gee,A_gee,ols_gee,DataClass_present,-0.09215946928909215,0.3133791599788539,0.7686945155091043,-0.7063713363530617,0.5220523977748774
A_ols_gee,A_gee,ols_gee,LongMethod_present,-0.17039026252155892,1.1726763709123058,0.8844737549660029,-2.468793715030812,2.128013189987694
A_ols_gee,A_gee,ols_gee,LongParameterList_present,0.535246078975922,0.5547083752951093,0.3345877064262296,-0.5519623585252201,1.622454516477064
A_ols_gee,A_gee,ols_gee,MutableStaticState_present,-0.160296982600496,0.26340077238268667,0.5428115722423996,-0.6765530099705943,0.3559590447696024
A_ols_gee,A_gee,ols_gee,LawOfDemeter_log1p,0.09846420831708949,0.12543054293350964,0.43244780923126414,-0.14737513839389438,0.34430355502807336
A_ols_gee,A_gee,ols_gee,tr_2017-1->2018-1,0.16323766312390442,0.16423781719476319,0.3202665246824208,-0.15866254347730463,0.48513786972511347
A_ols_gee,A_gee,ols_gee,tr_2018-1->2019-1,0.48209005296091195,0.16206082458631352,0.0029322968354819037,0.16445667346687415,0.7997234324549498
A_ols_gee,A_gee,ols_gee,tr_2019-1->2020-1,0.17460304715858788,0.16960276037795025,0.3032530727355206,-0.1578122548607715,0.5070183491779472
A_ols_gee,A_gee,ols_gee,tr_2020-1->2021-1,0.6857132957205654,0.1362194533935102,4.806337904909144e-07,0.418728073075553,0.9526985183655778
B_ols_gee,B_gee,ols_gee,const,-0.5638623016017303,0.1180746149524078,1.792840940926209e-06,-0.7952842943968842,-0.3324403088065765
B_ols_gee,B_gee,ols_gee,WMC_t,0.9811819787306716,0.03290300852904035,2.123060391804144e-195,0.9166932670307383,1.045670690430605
B_ols_gee,B_gee,ols_gee,LOC_t,0.0016407118153064617,0.0015054100534235108,0.2757673227967723,-0.001309837671368138,0.004591261301981061
B_ols_gee,B_gee,ols_gee,NOM_t,0.1844766747524126,0.06013266338631551,0.0021562060984110327,0.06661882022076385,0.30233452928406135
B_ols_gee,B_gee,ols_gee,DataClass_present,-0.08807672026647925,0.25203556732213167,0.7267428908441574,-0.5820573550409774,0.405903914508019
B_ols_gee,B_gee,ols_gee,LongMethod_present,-7.871288051248539,4.751245968803769,0.09758444919371415,-17.183559031795042,1.4409829292979657
B_ols_gee,B_gee,ols_gee,LongParameterList_present,-1.2208633369482607,0.6766749261023742,0.07119846903626316,-2.547121821350217,0.10539514745369538
B_ols_gee,B_gee,ols_gee,MutableStaticState_present,-0.06831879605679786,0.3602533527026101,0.8495904785660667,-0.7744023926637189,0.6377648005501233
B_ols_gee,B_gee,ols_gee,LawOfDemeter_log1p,0.058768636658897665,0.11387387470905952,0.6057948106736553,-0.1644200565508855,0.28195732986868083
B_ols_gee,B_gee,ols_gee,DataClass_x_LongParameterList,0.8720479654217419,0.7584023895186855,0.25020621269701426,-0.6143934038239991,2.3584893346674827
B_ols_gee,B_gee,ols_gee,DataClass_x_LoDlog,-0.0669490885936847,0.34712035663139423,0.8470608133290853,-0.7472924858919168,0.6133943087045473
B_ols_gee,B_gee,ols_gee,LongMethod_x_LoDlog,2.4382182553696405,1.4231136856439317,0.08665767537333063,-0.3510333143985216,5.227469825137803
B_ols_gee,B_gee,ols_gee,LongParameterList_x_LoDlog,0.7759581418867643,0.5575207860278091,0.16398258321079273,-0.3167625193602033,1.8686788031337318
B_ols_gee,B_gee,ols_gee,MutableStaticState_x_LoDlog,0.004859619072078805,0.2655242633349353,0.9853979499783528,-0.5155583740859235,0.5252776122300811
B_ols_gee,B_gee,ols_gee,tr_2017-1->2018-1,0.16708369049824096,0.16245998113944746,0.30373321285811894,-0.1513320214641325,0.4854994024606144
B_ols_gee,B_gee,ols_gee,tr_2018-1->2019-1,0.48707218957741255,0.16174566563247395,0.0026009215695818456,0.17005651028230562,0.8040878688725195
B_ols_gee,B_gee,ols_gee,tr_2019-1->2020-1,0.19372775249725893,0.16737261058380157,0.24708288523252897,-0.1343165362454396,0.5217720412399575
B_ols_gee,B_gee,ols_gee,tr_2020-1->2021-1,0.6606884972922596,0.12724574732742722,2.0779613058634258e-07,0.41129141534461844,0.9100855792399009
lag_controls_only,no_smells,ols,const,-0.6048033357856187,0.20200174186836317,0.0027530073350028428,-1.0007194746619672,-0.2088871969092702
lag_controls_only,no_smells,ols,WMC_t,0.9596427267594329,0.0408002477714374,2.5159985262032655e-122,0.8796757105671049,1.0396097429517608
lag_controls_only,no_smells,ols,LOC_t,0.0031309321394883487,0.0012239111950835039,0.010523471677329735,0.000732110276849305,0.0055297540021273925
lag_controls_only,no_smells,ols,NOM_t,0.22135945557928238,0.07897406989549352,0.005063933549665382,0.06657312287156616,0.37614578828699863
lag_controls_only,no_smells,ols,tr_2017-1->2018-1,0.16715110974784,0.16459454869101386,0.309852073387867,-0.15544827773817146,0.48975049723385145
lag_controls_only,no_smells,ols,tr_2018-1->2019-1,0.49303412749584213,0.16165284363825796,0.0022887457792742536,0.17620037596637173,0.8098678790253125
lag_controls_only,no_smells,ols,tr_2019-1->2020-1,0.1944435822479653,0.1652379865619482,0.23929583245399244,-0.12941692029136662,0.5183040847872972
lag_controls_only,no_smells,ols,tr_2020-1->2021-1,0.6865133210826238,0.13676529063629303,5.176683340753267e-07,0.41845827710033634,0.9545683650649112
