model,fold,train_transitions,test_transition,rmse,mae,r2,n_train,n_test,n_params,converged
A_ols_cluster,1,2016-1->2017-1,2017-1->2018-1,2.914710463733741,0.8492275040186151,0.9357595153526629,405,349,9.0,True
A_ols_cluster,2,2016-1->2017-1;2017-1->2018-1,2018-1->2019-1,3.1516659710812633,1.253007326299833,0.9240556211161146,754,419,10.0,True
A_ols_cluster,3,2016-1->2017-1;2017-1->2018-1;2018-1->2019-1,2019-1->2020-1,3.272826979722198,1.198029028596365,0.8245291391221563,1173,450,10.0,True
A_ols_cluster,4,2016-1->2017-1;2017-1->2018-1;2018-1->2019-1;2019-1->2020-1,2020-1->2021-1,3.3975750186829883,1.2177317996726742,0.9334372798054127,1623,773,10.0,True
B_ols_cluster,1,2016-1->2017-1,2017-1->2018-1,2.905619897034567,0.8459490850314619,0.9361596043074716,405,349,14.0,True
B_ols_cluster,2,2016-1->2017-1;2017-1->2018-1,2018-1->2019-1,3.188929278881615,1.2917135847378645,0.9222491679599458,754,419,15.0,True
B_ols_cluster,3,2016-1->2017-1;2017-1->2018-1;2018-1->2019-1,2019-1->2020-1,3.28833248821553,1.201799016268105,0.8228625615997645,1173,450,15.0,True
B_ols_cluster,4,2016-1->2017-1;2017-1->2018-1;2018-1->2019-1;2019-1->2020-1,2020-1->2021-1,3.3359417572119985,1.2125910437270508,0.9358303203059448,1623,773,15.0,True
A_ols_noloD,1,2016-1->2017-1,2017-1->2018-1,2.9136202885997795,0.8468308360312459,0.9358075614846567,405,349,8.0,True
A_ols_noloD,2,2016-1->2017-1;2017-1->2018-1,2018-1->2019-1,3.141722783366633,1.2492557802782305,0.9245340588971747,754,419,9.0,True
A_ols_noloD,3,2016-1->2017-1;2017-1->2018-1;2018-1->2019-1,2019-1->2020-1,3.2756575022832064,1.196608690916588,0.8242254939803115,1173,450,9.0,True
A_ols_noloD,4,2016-1->2017-1;2017-1->2018-1;2018-1->2019-1;2019-1->2020-1,2020-1->2021-1,3.3938834675508716,1.2319663683476465,0.9335818453813993,1623,773,9.0,True
B_ols_noloD,1,2016-1->2017-1,2017-1->2018-1,2.914591152351721,0.8444177940809634,0.9357647745125195,405,349,9.0,True
B_ols_noloD,2,2016-1->2017-1;2017-1->2018-1,2018-1->2019-1,3.140603941986618,1.247517077450785,0.9245877997196263,754,419,10.0,True
B_ols_noloD,3,2016-1->2017-1;2017-1->2018-1;2018-1->2019-1,2019-1->2020-1,3.2744032798999037,1.1943415620460123,0.824360073443205,1173,450,10.0,True
B_ols_noloD,4,2016-1->2017-1;2017-1->2018-1;2018-1->2019-1;2019-1->2020-1,2020-1->2021-1,3.397244071950276,1.2319921199668695,0.933450246490048,1623,773,10.0,True
A_ols_noMS,1,2016-1->2017-1,2017-1->2018-1,2.906631955094004,0.8331041664932761,0.936115123995887,405,349,8.0,True
A_ols_noMS,2,2016-1->2017-1;2017-1->2018-1,2018-1->2019-1,3.1505637198612346,1.252672097190541,0.9241087328017324,754,419,9.0,True
A_ols_noMS,3,2016-1->2017-1;2017-1->2018-1;2018-1->2019-1,2019-1->2020-1,3.2686029525600695,1.1924798085945112,0.824981784728909,1173,450,9.0,True
A_ols_noMS,4,2016-1->2017-1;2017-1->2018-1;2018-1->2019-1;2019-1->2020-1,2020-1->2021-1,3.397678170378583,1.2176758866563155,0.9334332380040444,1623,773,9.0,True
B_ols_noMS,1,2016-1->2017-1,2017-1->2018-1,2.899535417236862,0.8299063473522663,0.936426692854549,405,349,12.0,True
B_ols_noMS,2,2016-1->2017-1;2017-1->2018-1,2018-1->2019-1,3.170221146588309,1.2791956414284342,0.9231587561229383,754,419,13.0,True
B_ols_noMS,3,2016-1->2017-1;2017-1->2018-1;2018-1->2019-1,2019-1->2020-1,3.279858908736232,1.1915530530017107,0.8237743028842203,1173,450,13.0,True
B_ols_noMS,4,2016-1->2017-1;2017-1->2018-1;2018-1->2019-1;2019-1->2020-1,2020-1->2021-1,3.334771664321605,1.211709822656041,0.9358753278770496,1623,773,13.0,True
A_nb_cluster,1,2016-1->2017-1,2017-1->2018-1,3.3651960465675446,1.2164492388314172,0.9143674831588497,405,349,,
A_nb_cluster,2,2016-1->2017-1;2017-1->2018-1,2018-1->2019-1,3.508281625932059,1.469883270668357,0.9058968487104746,754,419,,
A_nb_cluster,3,2016-1->2017-1;2017-1->2018-1;2018-1->2019-1,2019-1->2020-1,4.133718080787416,1.391298449679499,0.7200756860967089,1173,450,,
A_nb_cluster,4,2016-1->2017-1;2017-1->2018-1;2018-1->2019-1;2019-1->2020-1,2020-1->2021-1,4.941781660755882,1.3493959794429495,0.8591813880999652,1623,773,,
B_nb_cluster,1,2016-1->2017-1,2017-1->2018-1,3.4060349648816466,1.2367635942162156,0.9122764552477133,405,349,,
B_nb_cluster,2,2016-1->2017-1;2017-1->2018-1,2018-1->2019-1,3.5474649251342405,1.497947704481274,0.9037830713508719,754,419,,
B_nb_cluster,3,2016-1->2017-1;2017-1->2018-1;2018-1->2019-1,2019-1->2020-1,4.080796114667182,1.3839756055546852,0.7271972728380074,1173,450,,
B_nb_cluster,4,2016-1->2017-1;2017-1->2018-1;2018-1->2019-1;2019-1->2020-1,2020-1->2021-1,3.474038081119874,1.3196593224520639,0.9304075539074912,1623,773,,
