field,meaning,source,observed_or_derived,valid_range_or_values,missingness_meaning,modeling_notes
project,Project name,fixed from directory 10 Signal-Android-master,derived,Signal-Android,never missing,Constant in this pilot.
version / version_t / version_t1,CSIQ annual snapshot label,quality and smell CSV filenames,observed,2016-1 .. 2021-1,never missing,"version_t1 is the consecutive next snapshot, not a calendar interpolation."
class,Top-level type identity,quality QualifiedName,observed,Java-style qualified name with lowercase parent package segment,never missing in these files,Exact string match across versions. Rename looks like death+birth.
class_kind,Row-kind from QualifiedName shape,same classifier as csiq_pilot_audit.py,derived,top_level only in these files,never missing,"Inner/nested, anonymous, method, field, package rows were excluded."
WMC / WMC_t / WMC_t1,Weighted Method Count (first WMC column),quality_attributes CSV,observed,non-negative numeric,empty if the quality cell was non-numeric,Viable lagged outcome. Do not put cyclomatic/NCSS PMD rules on the RHS.
delta_WMC,WMC_t1 - WMC_t,derived,derived,numeric difference,empty if either WMC is missing,"Not 'software corrosion'. Zero is common and is a real measured value, not missingness."
LOC_t / CBO_t / NOM_t,"Size, coupling, method-count controls at t","quality first LOC, CBO, NOM columns",observed,numeric,empty if non-numeric,Candidate controls. NOM collinear with TooManyMethods (not used). CBO collinear with CouplingBetweenObjects (not used).
LOC_t1 / CBO_t1 / NOM_t1,Same metrics at t+1,quality CSV of version_t1,observed,numeric,empty if non-numeric,Not default RHS. Stored so WMC_t1 can be checked against the subsequent version file.
smell_status_known[_t/_t1],1 if this class key appears in that version's PMD CSV,exact join to codesmells CSV,derived,0 or 1,"never missing; 0 means unknown, not clean","Restrict first models to 1, or treat 0 as out-of-scope. Never recode 0 as 'no smell'."
pmd_violation_rows[_t/_t1],"All design.xml violation rows for this class key, all rules",codesmells CSV,derived,integer >= 1 when known,empty iff smell_status_known=0,Diagnostic. Includes non-candidate rules such as cyclomatic thresholds.
DataClass_count[_t/_t1],PMD DataClass violation count (Data Class),codesmells CSV Rule=DataClass,derived,integer >= 0 when known; empty when unknown,"empty iff status_known=0. Empty is unknown, not zero.",Count is 0 only when PMD observed the class and this rule had no violation.
DataClass_status_known[_t/_t1],Whether this construct's count is identified from a PMD class key,same as smell_status_known; one PMD export covers all six constructs,derived,0 or 1; identical to smell_status_known in this dataset,never missing,Redundant with smell_status_known given a single design.xml dump. Kept so a construct is never silently treated as observed.
LongMethod_count[_t/_t1],PMD ExcessiveMethodLength violation count (Long Method),codesmells CSV Rule=ExcessiveMethodLength,derived,integer >= 0 when known; empty when unknown,"empty iff status_known=0. Empty is unknown, not zero.",Count is 0 only when PMD observed the class and this rule had no violation.
LongMethod_status_known[_t/_t1],Whether this construct's count is identified from a PMD class key,same as smell_status_known; one PMD export covers all six constructs,derived,0 or 1; identical to smell_status_known in this dataset,never missing,Redundant with smell_status_known given a single design.xml dump. Kept so a construct is never silently treated as observed.
LongParameterList_count[_t/_t1],PMD ExcessiveParameterList violation count (Long Parameter List),codesmells CSV Rule=ExcessiveParameterList,derived,integer >= 0 when known; empty when unknown,"empty iff status_known=0. Empty is unknown, not zero.",Count is 0 only when PMD observed the class and this rule had no violation.
LongParameterList_status_known[_t/_t1],Whether this construct's count is identified from a PMD class key,same as smell_status_known; one PMD export covers all six constructs,derived,0 or 1; identical to smell_status_known in this dataset,never missing,Redundant with smell_status_known given a single design.xml dump. Kept so a construct is never silently treated as observed.
MutableStaticState_count[_t/_t1],PMD MutableStaticState violation count (Mutable static state),codesmells CSV Rule=MutableStaticState,derived,integer >= 0 when known; empty when unknown,"empty iff status_known=0. Empty is unknown, not zero.",Count is 0 only when PMD observed the class and this rule had no violation.
MutableStaticState_status_known[_t/_t1],Whether this construct's count is identified from a PMD class key,same as smell_status_known; one PMD export covers all six constructs,derived,0 or 1; identical to smell_status_known in this dataset,never missing,Redundant with smell_status_known given a single design.xml dump. Kept so a construct is never silently treated as observed.
LawOfDemeter_count[_t/_t1],PMD LawOfDemeter violation count (Law of Demeter),codesmells CSV Rule=LawOfDemeter,derived,integer >= 0 when known; empty when unknown,"empty iff status_known=0. Empty is unknown, not zero.","Do not binarize by default. ~86% of PMD-observed classes have count>0. If used, use the count. Co-occurrence with other constructs is not an interaction."
LawOfDemeter_status_known[_t/_t1],Whether this construct's count is identified from a PMD class key,same as smell_status_known; one PMD export covers all six constructs,derived,0 or 1; identical to smell_status_known in this dataset,never missing,Redundant with smell_status_known given a single design.xml dump. Kept so a construct is never silently treated as observed.
GodClass_count[_t/_t1],PMD GodClass violation count (God Class),codesmells CSV Rule=GodClass,derived,integer >= 0 when known; empty when unknown,"empty iff status_known=0. Empty is unknown, not zero.",WMC_contaminated=true. PMD GodClass uses size/complexity (including WMC-like) metrics. HOLD OUT of the first WMC model. Keep in the file for sensitivity.
GodClass_status_known[_t/_t1],Whether this construct's count is identified from a PMD class key,same as smell_status_known; one PMD export covers all six constructs,derived,0 or 1; identical to smell_status_known in this dataset,never missing,Redundant with smell_status_known given a single design.xml dump. Kept so a construct is never silently treated as observed.
GodClass WMC_contaminated,"Metadata flag, not a panel column",PMD GodClass definition in codesmells.csv,derived,true,n/a,Explicitly true. Do not put GodClass_count on the RHS of the first WMC model.
